time_s,it_load_kw,ambient_temp_c
0,150.0,22.0
300,150.00594932300228,22.17451908027649
600,150.02379446045356,22.348955098922687
900,150.0535269190349,22.523225033841143
1200,150.09513254770636,22.697245941981265
1500,150.148591544442,22.870934998815716
1800,150.21387846565474,23.044209537760413
2100,150.29096223830598,23.216987089519332
2400,150.3798061746948,23.389185421335444
2700,150.48036798991924,23.560722576129027
3000,150.59259982200166,23.731516911504823
3300,150.71644825466848,23.901487138609383
3600,150.8518543427733,24.070552360820166
3900,150.9987536403518,24.238632112247938
4200,151.15707623129433,24.405646396034186
4500,151.32674676262235,24.571515722425293
4800,151.50768448035228,24.73616114660535
5100,151.69980326793004,24.899504306269613
5400,151.90301168721783,25.061467458920717
5700,152.11721302201383,25.2219735188699
6000,152.34230532408375,25.380946093925594
6300,152.5781814616828,25.538309521752012
6600,152.82472917054446,25.69398890588027
6900,153.0818311073123,25.8479101513551
7200,153.34936490538902,26.0
7500,153.62720323317635,26.15018606528417
7800,153.91521385467786,26.298396866774592
8100,154.21325969243637,26.444561864156817
8400,154.5211988927752,26.58861149080837
8700,154.83888489331292,26.730477186908658
9000,155.16616649271913,26.870091432069763
9300,155.50288792267796,27.007387777472474
9600,155.84888892202554,27.142300877492314
9900,156.20400481302556,27.27476652080055
10200,156.5680665797469,27.404721660925283
10500,156.9409009485061,27.532104446258153
10800,157.3223304703363,27.65685424949238
11100,157.71217360544327,27.778911696478044
11400,158.1102448096085,27.898218694480992
11700,158.51635462249828,28.01471845983182
12000,158.9303097578365,28.128355544951823
12300,159.3519131953985,28.239075864743054
12600,159.78096427478198,28.34682672232988
12900,160.21725879091045,28.45155683413986
13200,160.66058909122384,28.553216354311935
13500,161.11074417450993,28.651756898420363
13800,161.5675097913294,28.747131566503086
14100,162.03066854598697,28.839294965383573
14400,162.5,28.928203230275507
14700,162.9752807770153,29.013814045660062
15000,163.45628466912416,29.096086665425773
15300,163.94278274452498,29.174981932261506
15600,164.43454345648252,29.2504622962932
15900,164.93133275353156,29.322491832955578
16200,165.43291419087276,29.391036260090296
16500,165.93904904290747,29.456062954262386
16800,166.44949641685827,29.517540966287267
17100,166.96401336742096,29.575441035960843
17400,167.48235501239319,29.629735605985815
17700,168.00427464922518,29.68039883508743
18000,168.52952387243698,29.727406610312546
18300,169.05785269184568,29.77073655850609
18600,169.58900965154743,29.81036805695947
18900,170.1227419495968,29.846282243225843
19200,170.65879555832674,29.878462024097665
19500,171.19691534525208,29.906892083742086
19800,171.7368451944987,29.931558890990484
20100,172.27832812870088,29.952450705778556
20400,172.82110643130855,29.969557584733963
20700,173.36492176924642,29.98287138590883
21000,173.9095153158666,29.992385772654863
21300,174.45462787413598,29.998096216639272
21600,175.0,30.0
21900,175.54537212586402,29.998096216639272
22200,176.0904846841334,29.992385772654863
22500,176.63507823075358,29.98287138590883
22800,177.17889356869145,29.969557584733963
23100,177.72167187129912,29.952450705778556
23400,178.2631548055013,29.931558890990484
23700,178.80308465474792,29.906892083742086
24000,179.34120444167326,29.878462024097665
24300,179.8772580504032,29.846282243225843
24600,180.41099034845257,29.81036805695947
24900,180.94214730815432,29.77073655850609
25200,181.47047612756302,29.727406610312546
25500,181.99572535077482,29.68039883508743
25800,182.51764498760681,29.629735605985815
26100,183.03598663257904,29.575441035960846
26400,183.55050358314173,29.517540966287267
26700,184.06095095709253,29.45606295426239
27000,184.56708580912726,29.391036260090296
27300,185.06866724646844,29.322491832955578
27600,185.56545654351748,29.2504622962932
27900,186.05721725547502,29.174981932261506
28200,186.54371533087584,29.096086665425773
28500,187.0247192229847,29.013814045660062
28800,187.5,28.92820323027551
29100,187.96933145401306,28.839294965383573
29400,188.43249020867057,28.747131566503086
29700,188.88925582549007,28.651756898420363
30000,189.33941090877616,28.553216354311935
30300,189.78274120908958,28.45155683413986
30600,190.21903572521802,28.346826722329883
30900,190.64808680460146,28.239075864743054
31200,191.0696902421635,28.128355544951823
31500,191.48364537750172,28.01471845983182
31800,191.8897551903915,27.898218694480992
32100,192.28782639455673,27.778911696478044
32400,192.6776695296637,27.65685424949238
32700,193.0590990514939,27.532104446258156
33000,193.4319334202531,27.404721660925283
33300,193.79599518697444,27.27476652080055
33600,194.15111107797446,27.142300877492318
33900,194.49711207732204,27.007387777472474
34200,194.83383350728087,26.870091432069767
34500,195.16111510668708,26.73047718690866
34800,195.4788011072248,26.58861149080837
35100,195.78674030756363,26.444561864156817
35400,196.08478614532214,26.298396866774592
35700,196.37279676682368,26.15018606528417
36000,196.65063509461098,26.0
36300,196.91816889268767,25.847910151355105
36600,197.17527082945554,25.69398890588027
36900,197.4218185383172,25.538309521752012
37200,197.65769467591625,25.380946093925594
37500,197.88278697798617,25.2219735188699
37800,198.09698831278217,25.06146745892072
38100,198.30019673206996,24.899504306269613
38400,198.49231551964772,24.73616114660535
38700,198.67325323737765,24.571515722425293
39000,198.84292376870567,24.405646396034182
39300,199.0012463596482,24.238632112247938
39600,199.1481456572267,24.07055236082017
39900,199.28355174533152,23.901487138609383
40200,199.40740017799834,23.731516911504826
40500,199.51963201008076,23.560722576129024
40800,199.6201938253052,23.38918542133544
41100,199.70903776169402,23.216987089519336
41400,199.78612153434526,23.044209537760413
41700,199.851408455558,22.870934998815716
42000,199.90486745229364,22.69724594198127
42300,199.9464730809651,22.523225033841143
42600,199.97620553954644,22.348955098922687
42900,199.99405067699772,22.17451908027649
43200,200.0,21.999999999999996
43500,199.99405067699772,21.825480919723514
43800,199.97620553954644,21.651044901077313
44100,199.9464730809651,21.476774966158857
44400,199.90486745229364,21.302754058018735
44700,199.851408455558,21.129065001184284
45000,199.78612153434526,20.955790462239587
45300,199.70903776169402,20.783012910480668
45600,199.6201938253052,20.61081457866456
45900,199.51963201008076,20.439277423870976
46200,199.40740017799834,20.268483088495177
46500,199.28355174533152,20.098512861390613
46800,199.1481456572267,19.929447639179834
47100,199.00124635964823,19.761367887752066
47400,198.84292376870567,19.594353603965818
47700,198.67325323737765,19.42848427757471
48000,198.49231551964772,19.263838853394653
48300,198.30019673206996,19.100495693730387
48600,198.09698831278217,18.938532541079283
48900,197.88278697798617,18.778026481130098
49200,197.65769467591625,18.61905390607441
49500,197.4218185383172,18.46169047824799
49800,197.17527082945554,18.30601109411973
50100,196.9181688926877,18.152089848644902
50400,196.65063509461095,18.0
50700,196.37279676682368,17.849813934715826
51000,196.08478614532214,17.701603133225408
51300,195.78674030756363,17.555438135843183
51600,195.4788011072248,17.41138850919163
51900,195.16111510668708,17.269522813091342
52200,194.83383350728087,17.129908567930237
52500,194.49711207732204,16.992612222527526
52800,194.15111107797446,16.857699122507686
53100,193.79599518697444,16.725233479199453
53400,193.4319334202531,16.59527833907472
53700,193.0590990514939,16.467895553741847
54000,192.6776695296637,16.34314575050762
54300,192.28782639455673,16.221088303521956
54600,191.8897551903915,16.101781305519005
54900,191.48364537750172,15.985281540168184
55200,191.0696902421635,15.871644455048177
55500,190.6480868046015,15.76092413525695
55800,190.21903572521802,15.65317327767012
56100,189.78274120908955,15.548443165860139
56400,189.33941090877616,15.446783645688068
56700,188.88925582549007,15.348243101579637
57000,188.4324902086706,15.252868433496916
57300,187.96933145401303,15.160705034616427
57600,187.5,15.071796769724493
57900,187.0247192229847,14.986185954339938
58200,186.54371533087584,14.903913334574225
58500,186.05721725547502,14.825018067738494
58800,185.56545654351748,14.749537703706803
59100,185.06866724646844,14.677508167044422
59400,184.56708580912726,14.608963739909708
59700,184.06095095709253,14.543937045737612
60000,183.5505035831417,14.482459033712733
60300,183.03598663257904,14.424558964039155
60600,182.51764498760681,14.370264394014185
60900,181.99572535077482,14.319601164912571
61200,181.47047612756305,14.272593389687454
61500,180.94214730815435,14.22926344149391
61800,180.41099034845257,14.189631943040533
62100,179.8772580504032,14.153717756774157
62400,179.34120444167326,14.121537975902335
62700,178.80308465474792,14.093107916257914
63000,178.2631548055013,14.068441109009516
63300,177.72167187129912,14.047549294221444
63600,177.17889356869145,14.030442415266036
63900,176.63507823075358,14.017128614091172
64200,176.0904846841334,14.007614227345137
64500,175.54537212586402,14.001903783360728
64800,175.0,14.0
65100,174.45462787413598,14.001903783360728
65400,173.9095153158666,14.007614227345137
65700,173.36492176924642,14.017128614091172
66000,172.82110643130855,14.030442415266036
66300,172.27832812870088,14.047549294221444
66600,171.73684519449873,14.068441109009516
66900,171.1969153452521,14.093107916257914
67200,170.65879555832674,14.121537975902335
67500,170.1227419495968,14.153717756774157
67800,169.58900965154743,14.189631943040531
68100,169.05785269184568,14.22926344149391
68400,168.52952387243698,14.272593389687453
68700,168.0042746492252,14.31960116491257
69000,167.48235501239319,14.370264394014184
69300,166.96401336742096,14.424558964039154
69600,166.44949641685827,14.482459033712733
69900,165.93904904290747,14.54393704573761
70200,165.43291419087274,14.608963739909708
70500,164.93133275353156,14.677508167044422
70800,164.43454345648252,14.749537703706798
71100,163.94278274452498,14.825018067738492
71400,163.45628466912416,14.903913334574227
71700,162.9752807770153,14.986185954339938
72000,162.5,15.071796769724491
72300,162.03066854598697,15.160705034616425
72600,161.56750979132943,15.25286843349691
72900,161.11074417450996,15.348243101579637
73200,160.66058909122384,15.446783645688065
73500,160.21725879091045,15.548443165860137
73800,159.78096427478198,15.653173277670119
74100,159.3519131953985,15.760924135256946
74400,158.9303097578365,15.871644455048175
74700,158.51635462249828,15.985281540168177
75000,158.1102448096085,16.101781305519005
75300,157.71217360544327,16.221088303521956
75600,157.3223304703363,16.343145750507617
75900,156.9409009485061,16.467895553741847
76200,156.5680665797469,16.595278339074717
76500,156.20400481302556,16.725233479199446
76800,155.84888892202557,16.857699122507682
77100,155.50288792267796,16.992612222527526
77400,155.16616649271913,17.129908567930233
77700,154.83888489331292,17.269522813091342
78000,154.5211988927752,17.411388509191635
78300,154.21325969243637,17.555438135843175
78600,153.91521385467786,17.701603133225404
78900,153.62720323317635,17.849813934715826
79200,153.34936490538905,17.999999999999996
79500,153.0818311073123,18.1520898486449
79800,152.82472917054446,18.306011094119732
80100,152.5781814616828,18.461690478247988
80400,152.34230532408375,18.6190539060744
80700,152.11721302201383,18.7780264811301
81000,151.90301168721783,18.938532541079283
81300,151.69980326793004,19.100495693730384
81600,151.50768448035228,19.263838853394653
81900,151.32674676262235,19.428484277574704
82200,151.15707623129433,19.59435360396581
82500,150.9987536403518,19.761367887752062
82800,150.8518543427733,19.929447639179834
83100,150.71644825466848,20.098512861390613
83400,150.59259982200166,20.268483088495177
83700,150.48036798991924,20.439277423870976
84000,150.3798061746948,20.61081457866455
84300,150.29096223830598,20.783012910480668
84600,150.21387846565474,20.955790462239587
84900,150.148591544442,21.12906500118428
85200,150.09513254770636,21.302754058018735
85500,150.0535269190349,21.47677496615885
85800,150.02379446045356,21.65104490107731
86100,150.00594932300228,21.825480919723507
